-15.937166,0.057764,0.037231,0.29189,0.135221,0.020748,0.117887,0.024075,-0.00406,-0.050704,-0.283961,-0.08978,0.002099,0.093431,,,,,,,,,,,,,,,,,,,,
win,pace,ftPercent,2PtPercent,3PtPercent,offRebPercent,defRebPercent,assistPercent,blockPercent,ftPercent,2PtPercent,3PtPercent,assistPercent,blockPercent,pace,ftPercent,2PtPercent,3PtPercent,offRebPercent,defRebPercent,assistPercent,blockPercent,ftPercent,2PtPercent,3PtPercent,assistPercent,blockPercent,Step 1,EXP,STEP 2,Prediction,Success,,Accuracy
0,71.4563,73.2438,51.1562,28.325,33.7,69.275,64.2937,10.3562,75.4722,48.6611,30.3222,50.8778,6.63333,4.127601713,2.726939918,14.93198322,3.830134825,0.6992076,8.166621925,1.547870828,-0.042046172,-3.826742429,-13.81785462,-2.722327116,0.106792502,0.619758655,0.41077485,1.507985795,0.601273659,1,0,,67.90%
1,70.9071,75.8429,47.1929,32.9143,29.4143,72.5429,60.15,7.81429,75.4722,48.6611,30.3222,50.8778,6.63333,4.095877724,2.82370701,13.77513558,4.45070456,0.610287896,8.551864852,1.44811125,-0.031726017,-3.826742429,-13.81785462,-2.722327116,0.106792502,0.619758655,0.146423852,1.157686772,0.536540701,1,1,,
0,74.2533,73.9267,43.5733,34.5267,31.74,69.4467,46.7933,8.62,75.4722,48.6611,30.3222,50.8778,6.63333,4.289167621,2.752364968,12.71861054,4.668734901,0.65854152,8.186863123,1.126548698,-0.0349972,-3.826742429,-13.81785462,-2.722327116,0.106792502,0.619758655,-1.211704837,0.297689335,0.229399539,0,1,,
1,77.7059,75.2471,54.5059,40.3765,30.4118,65.9647,48.0118,10.1529,75.4722,48.6611,30.3222,50.8778,6.63333,4.488603608,2.80152478,15.90972715,5.459750707,0.630984026,7.776380589,1.155884085,-0.041220774,-3.826742429,-13.81785462,-2.722327116,0.106792502,0.619758655,2.604095167,13.51898734,0.931124673,1,1,,
0,64.0647,68.5824,49.2294,30.6824,28.1647,68.2412,57.8941,13.6588,75.4722,48.6611,30.3222,50.8778,6.63333,3.700633331,2.553391334,14.36956957,4.14890481,0.584361196,8.044750344,1.393800458,-0.055454728,-3.826742429,-13.81785462,-2.722327116,0.106792502,0.619758655,-0.837582693,0.432755362,0.302044141,0,1,,
0,73.6833,69.3556,43.0278,31.7556,29.4556,66.0333,50.5222,12.2611,75.4722,48.6611,30.3222,50.8778,6.63333,4.256242141,2.582178344,12.55938454,4.294023988,0.611144789,7.784467637,1.216321965,-0.049780066,-3.826742429,-13.81785462,-2.722327116,0.106792502,0.619758655,-2.323555665,0.097924778,0.08919079,0,1,,
1,74.6556,77.2944,53.0278,40.9444,43.6889,76.35,60.95,11.0111,75.4722,48.6611,30.3222,50.8778,6.63333,4.312406078,2.877747806,15.47828454,5.536542712,0.906457297,9.00067245,1.46737125,-0.044705066,-3.826742429,-13.81785462,-2.722327116,0.106792502,0.619758655,3.957238066,52.31264217,0.981242723,1,1,,
1,72.8526,65.8053,49.5,40.7158,30.7,72.9684,66.2105,7.01053,75.4722,48.6611,30.3222,50.8778,6.63333,4.208257586,2.449997124,14.448555,5.505631192,0.6369636,8.602025771,1.594017788,-0.028462752,-3.826742429,-13.81785462,-2.722327116,0.106792502,0.619758655,1.839446305,6.293052861,0.86288321,1,1,,
0,70.4714,65.8357,44.2929,36.7786,29.7143,62.9357,48.4571,9.21429,75.4722,48.6611,30.3222,50.8778,6.63333,4.07070995,2.451128947,12.92865458,4.973239071,0.616512296,7.419300866,1.166604683,-0.037410017,-3.826742429,-13.81785462,-2.722327116,0.106792502,0.619758655,-1.988798629,0.136859746,0.12038402,0,1,,
1,73.3524,73.7571,55.4429,34.1857,33.819,68.6667,64.4476,9.05714,78.2895,46.9421,37.6,60.5579,7.17368,4.237128034,2.74605059,16.18322808,4.62262454,0.701676612,8.094911263,1.55157597,-0.036771988,-3.969590808,-13.32972566,-3.375728,0.127111032,0.670244096,2.285567763,9.831266469,0.907674693,1,1,,
1,69.4333,66.42,48.6467,24.1067,36.52,68.9867,65.2467,13.1333,78.2895,46.9421,37.6,60.5579,7.17368,4.010745141,2.47288302,14.19948526,3.259732081,0.75771696,8.132635103,1.570814303,-0.053321198,-3.969590808,-13.32972566,-3.375728,0.127111032,0.670244096,-1.464164666,0.2312711,0.187831177,0,0,,
1,63.1733,59.3933,39.02,32.1667,32.1867,65.1667,68.6533,12.0133,78.2895,46.9421,37.6,60.5579,7.17368,3.649142501,2.211271952,11.3895478,4.349613341,0.667809652,7.682306763,1.652828198,-0.048773998,-3.969590808,-13.32972566,-3.375728,0.127111032,0.670244096,-4.26110913,0.014106648,0.013910418,0,0,,
1,70.8647,74.2882,48.0824,35.2471,33,69.2471,70.8353,15.9588,78.2895,46.9421,37.6,60.5579,7.17368,4.093428531,2.765823974,14.03477174,4.766148109,0.684684,8.163332878,1.705359848,-0.064792728,-3.969590808,-13.32972566,-3.375728,0.127111032,0.670244096,0.333901009,1.396404906,0.582708249,1,1,,
0,71.865,72.345,51.095,35.645,36.725,73.035,55.89,8.215,78.2895,46.9421,37.6,60.5579,7.17368,4.15120986,2.693476695,14.91411955,4.819952545,0.7619703,8.609877045,1.34555175,-0.0333529,-3.969590808,-13.32972566,-3.375728,0.127111032,0.670244096,1.447949507,4.254381985,0.809682661,1,0,,
1,71.1625,55.15,39.35,34.1,32.0563,68.0312,68.8125,6.39375,78.2895,46.9421,37.6,60.5579,7.17368,4.11063065,2.05328965,11.4858715,4.6110361,0.665104112,8.019994074,1.656660938,-0.025958625,-3.969590808,-13.32972566,-3.375728,0.127111032,0.670244096,-3.238226939,0.039233397,0.037752248,0,0,,
0,75.025,74.225,47.1,31.725,38.975,60.5062,53.8687,8.74375,78.2895,46.9421,37.6,60.5579,7.17368,4.3337441,2.763470975,13.748019,4.289886225,0.8086533,7.132894399,1.296888953,-0.035499625,-3.969590808,-13.32972566,-3.375728,0.127111032,0.670244096,-1.476798011,0.22836775,0.185911548,0,1,,
0,74.3133,62.28,40.14,36.5667,33.5933,67.64,57.0667,7.5,78.2895,46.9421,37.6,60.5579,7.17368,4.292633461,2.31874668,11.7164646,4.944585741,0.696993788,7.97387668,1.373880803,-0.03045,-3.969590808,-13.32972566,-3.375728,0.127111032,0.670244096,-2.528123585,0.079808634,0.073909979,0,1,,
1,77.3786,75.2286,51.1214,29.95,39.9714,70.3571,59.7214,14.5357,78.2895,46.9421,37.6,60.5579,7.17368,4.46969745,2.800836007,14.92182545,4.04986895,0.829326607,8.294187448,1.437792705,-0.059014942,-3.969590808,-13.32972566,-3.375728,0.127111032,0.670244096,0.929664333,2.533658569,0.717007181,1,1,,
0,66.9375,75.375,49.2438,33.8063,37.1813,67.1312,68.4125,13.7563,76.4235,47.3647,33.9529,61.8294,11.5118,3.86657775,2.806286625,14.37377278,4.571321692,0.771437612,7.913895774,1.647030938,-0.055850578,-3.874977144,-13.44972758,-3.048291362,0.129779911,1.075558986,0.789649409,2.202624071,0.687756047,1,0,,
0,68.7762,70.0191,51.4762,33.7476,30.9333,71.2048,52.3095,10.0048,76.4235,47.3647,33.9529,61.8294,11.5118,3.972788417,2.606881112,15.02538802,4.56338422,0.641804108,8.394120258,1.259351213,-0.040619488,-3.874977144,-13.44972758,-3.048291362,0.129779911,1.075558986,1.318274671,3.736968311,0.788894513,1,0,,
1,72.4533,75.02,45.3933,32.54,31.6867,63.08,52.5533,12.32,76.4235,47.3647,33.9529,61.8294,11.5118,4.185192421,2.79306962,13.24985034,4.40009134,0.657435652,7.43631196,1.265220698,-0.0500192,-3.874977144,-13.44972758,-3.048291362,0.129779911,1.075558986,-1.167670359,0.311090828,0.237276336,0,0,,
1,75.4471,71.1353,53.5765,35.2353,33.6529,69.6294,49.4824,11.2471,76.4235,47.3647,33.9529,61.8294,11.5118,4.358126284,2.648438354,15.63844459,4.764552501,0.698230369,8.208401078,1.19128878,-0.045663226,-3.874977144,-13.44972758,-3.048291362,0.129779911,1.075558986,2.35699554,10.55917911,0.913488666,1,1,,
0,70.9938,78.2562,43.1625,29.8375,32.7,65.8625,45.0687,11.8625,76.4235,47.3647,33.9529,61.8294,11.5118,4.100885863,2.913556582,12.59870213,4.034656588,0.6784596,7.764332538,1.085028953,-0.04816175,-3.874977144,-13.44972758,-3.048291362,0.129779911,1.075558986,-1.977362688,0.138433849,0.121600258,0,1,,
0,75.16,71.4067,48.78,45.52,42.5933,70.5,59.2933,10.5133,76.4235,47.3647,33.9529,61.8294,11.5118,4.34154224,2.658542848,14.2383942,6.15525992,0.883725788,8.3110335,1.427486198,-0.042683998,-3.874977144,-13.44972758,-3.048291362,0.129779911,1.075558986,2.868477509,17.61018643,0.946265987,1,0,,
1,69.7529,77.9529,51.3118,39.7235,38.0235,70.4765,54.9529,8.8,76.4235,47.3647,33.9529,61.8294,11.5118,4.029206516,2.90226442,14.9774013,5.371451394,0.788911578,8.308263156,1.322991068,-0.035728,-3.874977144,-13.44972758,-3.048291362,0.129779911,1.075558986,2.559938246,12.9350185,0.928238344,1,1,,
1,78.8533,77.6333,47.38,35.9533,35.8867,71.9867,60.04,7.48,76.4235,47.3647,33.9529,61.8294,11.5118,4.554882021,2.890365392,13.8297482,4.861641179,0.744577252,8.486296103,1.445463,-0.0303688,-3.874977144,-13.44972758,-3.048291362,0.129779911,1.075558986,1.677781161,5.353663864,0.842610497,1,1,,
1,76.7867,75.6733,54.48,37.42,40.32,71.06,59.84,8.24,76.4235,47.3647,33.9529,61.8294,11.5118,4.435506939,2.817392632,15.9021672,5.05996982,0.83655936,8.37705022,1.440648,-0.0334544,-3.874977144,-13.44972758,-3.048291362,0.129779911,1.075558986,3.731016585,41.72150006,0.976592582,1,1,,
1,69.1647,76.3235,58.6529,36,36.8471,71.6765,71.4588,10.2471,70.4118,43.3176,34.5059,57.1471,8.78235,3.995229731,2.841600229,17.12019498,4.867956,0.764503631,8.449727556,1.72037061,-0.041603226,-3.570159907,-12.30050901,-3.097939702,0.119951763,0.820543743,5.752700394,315.0402453,0.996835846,1,1,,
1,72.6467,73.6467,46.9867,37.6533,31.9533,74.3533,48.2733,6.69333,70.4118,43.3176,34.5059,57.1471,8.78235,4.196363979,2.741940288,13.71494786,5.091516879,0.662967068,8.765287477,1.162179698,-0.02717492,-3.570159907,-12.30050901,-3.097939702,0.119951763,0.820543743,2.342749215,10.40981608,0.912356168,1,1,,
1,70.4733,64.74,44.8067,30.2333,28.7267,69.5333,55.6,8.58,70.4118,43.3176,34.5059,57.1471,8.78235,4.070819701,2.41033494,13.07862766,4.088177059,0.596021572,8.197072137,1.33857,-0.0348348,-3.570159907,-12.30050901,-3.097939702,0.119951763,0.820543743,-0.220490845,0.802124982,0.44509953,0,0,,
1,77.5467,74.46,46.9133,27.96,40.52,68.7933,53.8933,15.9867,70.4118,43.3176,34.5059,57.1471,8.78235,4.479407579,2.77222026,13.69352314,3.78077916,0.84070896,8.109835757,1.297481198,-0.064906002,-3.570159907,-12.30050901,-3.097939702,0.119951763,0.820543743,0.943770931,2.569653157,0.719860738,1,1,,
1,71.3706,72.1529,43.4471,31.0353,34.8176,72.4824,74.0529,14.5529,70.4118,43.3176,34.5059,57.1471,8.78235,4.122651338,2.68632462,12.68177402,4.196624301,0.722395565,8.544732689,1.782823568,-0.059084774,-3.570159907,-12.30050901,-3.097939702,0.119951763,0.820543743,0.712962209,2.040025298,0.671055369,1,1,,
0,72.0714,70.0929,50.2214,32.8071,42.35,74.9071,51.85,9.42143,70.4118,43.3176,34.5059,57.1471,8.78235,4.16313235,2.60962876,14.65912445,4.436208869,0.8786778,8.830573298,1.24828875,-0.038251006,-3.570159907,-12.30050901,-3.097939702,0.119951763,0.820543743,2.822104149,16.81218884,0.943858668,1,0,,
1,72.9,67.7714,44.65,36.0357,31.5071,69.75,63.6714,15.4286,70.4118,43.3176,34.5059,57.1471,8.78235,4.2109956,2.523196993,13.0328885,4.87278339,0.653709311,8.22261825,1.532888955,-0.062640116,-3.570159907,-12.30050901,-3.097939702,0.119951763,0.820543743,1.021161766,2.776418439,0.735198836,1,1,,
1,69.7368,70.8737,45.7842,30.7895,40.7842,70.5684,59.6579,8.38421,70.4118,43.3176,34.5059,57.1471,8.78235,4.028276515,2.638698725,13.36395014,4.16338698,0.846190582,8.319096971,1.436263943,-0.034039893,-3.570159907,-12.30050901,-3.097939702,0.119951763,0.820543743,0.796544843,2.217864603,0.689234905,1,1,,
1,71.1625,58.7625,44.6937,31.7938,36.1,72.8625,56.8,14.7563,70.4118,43.3176,34.5059,57.1471,8.78235,4.11063065,2.187786638,13.04564409,4.29918943,0.7490028,8.589541538,1.36746,-0.059910578,-3.570159907,-12.30050901,-3.097939702,0.119951763,0.820543743,0.324065453,1.382737808,0.580314713,1,1,,
1,75.7941,76.5941,55.2176,40.8176,43.6588,67.8529,63.7471,14.0235,70.4118,43.3176,34.5059,57.1471,8.78235,4.378170392,2.851674937,16.11746526,5.51939669,0.905832782,7.998974822,1.534711433,-0.05693541,-3.570159907,-12.30050901,-3.097939702,0.119951763,0.820543743,5.284011793,197.159253,0.994953554,1,1,,
0,71.9235,73.7,51.2588,38.9647,30.1647,65.1882,55.7,10.1412,79.0312,49.8688,32.5687,64.0875,13.0875,4.154589054,2.7439247,14.96193113,5.268845699,0.625857196,7.684841333,1.3409775,-0.041173272,-4.007197965,-14.16079432,-2.924017886,0.134519663,1.222778213,1.067915049,2.909307409,0.744200214,1,0,,
0,68.7375,72.7312,44.2313,32.125,34.5812,66.5875,59.3125,10.6625,79.0312,49.8688,32.5687,64.0875,13.0875,3.97055295,2.707855307,12.91067416,4.343974625,0.717490738,7.849800613,1.427948438,-0.04328975,-4.007197965,-14.16079432,-2.924017886,0.134519663,1.222778213,-1.786871216,0.16748337,0.14345675,0,1,,
0,68.7375,72.7312,44.2313,32.125,34.5812,66.5875,59.3125,10.6625,79.0312,49.8688,32.5687,64.0875,13.0875,3.97055295,2.707855307,12.91067416,4.343974625,0.717490738,7.849800613,1.427948438,-0.04328975,-4.007197965,-14.16079432,-2.924017886,0.134519663,1.222778213,-1.786871216,0.16748337,0.14345675,0,1,,
1,71.05,71.15,45.1625,34.8187,29.4875,65.4688,47.275,8.35,79.0312,49.8688,32.5687,64.0875,13.0875,4.1041322,2.64898565,13.18248213,4.708219433,0.61180665,7.717920426,1.138145625,-0.033901,-4.007197965,-14.16079432,-2.924017886,0.134519663,1.222778213,-1.594087184,0.203093831,0.168809636,0,0,,
0,75.8529,75.0294,50.8176,33.7706,28.5882,63.1,46.8118,10.6118,79.0312,49.8688,32.5687,64.0875,13.0875,4.381566916,2.793419591,14.83314926,4.566494303,0.593147974,7.4386697,1.126994085,-0.043083908,-4.007197965,-14.16079432,-2.924017886,0.134519663,1.222778213,0.018479632,1.018651437,0.504619776,1,0,,
0,75.8529,75.0294,50.8176,33.7706,28.5882,63.1,46.8118,10.6118,79.0312,49.8688,32.5687,64.0875,13.0875,4.381566916,2.793419591,14.83314926,4.566494303,0.593147974,7.4386697,1.126994085,-0.043083908,-4.007197965,-14.16079432,-2.924017886,0.134519663,1.222778213,0.018479632,1.018651437,0.504619776,1,0,,
0,67.5882,64.5118,47.3706,33.0706,29.5353,69.0706,53.9588,11.8118,79.0312,49.8688,32.5687,64.0875,13.0875,3.904164785,2.401838826,13.82700443,4.471839603,0.612798404,8.142525822,1.29905811,-0.047955908,-4.007197965,-14.16079432,-2.924017886,0.134519663,1.222778213,-1.060604217,0.346246539,0.257194005,0,1,,
0,74.5444,67.5889,44.1278,31.4444,30.9111,64.4556,44.8333,11.75,79.0312,49.8688,32.5687,64.0875,13.0875,4.305982722,2.516402336,12.88046354,4.251943212,0.641343503,7.598477317,1.079361698,-0.047705,-4.007197965,-14.16079432,-2.924017886,0.134519663,1.222778213,-2.445608963,0.086673338,0.079760251,0,1,,
1,71.6059,69.2706,52.6118,39.1647,42.8647,71.6647,57.6118,9.67059,79.0312,49.8688,32.5687,64.0875,13.0875,4.136243208,2.579013709,15.3568583,5.295889899,0.889356796,8.448336489,1.387004085,-0.039262595,-4.007197965,-14.16079432,-2.924017886,0.134519663,1.222778213,2.381561598,10.82178896,0.915410434,1,1,,
0,71.3286,69.9071,44.55,37.35,37.8,70.3357,58.8714,6.27143,79.0312,49.8688,32.5687,64.0875,13.0875,4.12022525,2.60271124,13.0036995,5.05050435,0.7842744,8.291664666,1.417328955,-0.025462006,-4.007197965,-14.16079432,-2.924017886,0.134519663,1.222778213,-0.426931937,0.652507962,0.394859194,0,1,,
0,79.0786,74.3286,47.3857,33.4786,29.9714,65.3929,50.6,4.31429,79.0312,49.8688,32.5687,64.0875,13.0875,4.56789625,2.767328107,13.83141197,4.527009771,0.621846607,7.708972802,1.218195,-0.017516017,-4.007197965,-14.16079432,-2.924017886,0.134519663,1.222778213,-0.4467338,0.639714178,0.390137614,0,1,,
0,67.8333,64.0467,41.86,31.78,31.0667,65.54,53.4133,8.3,79.0312,49.8688,32.5687,64.0875,13.0875,3.918322741,2.384522688,12.2185154,4.29732338,0.644571892,7.72631398,1.285925198,-0.033698,-4.007197965,-14.16079432,-2.924017886,0.134519663,1.222778213,-3.230081015,0.039554294,0.038049282,0,1,,
1,67.6048,73.3857,45.181,41.0048,32.919,66.6667,61.2571,10.0429,70.7714,51.1857,33.4214,72.3071,9.61429,3.905123667,2.732222997,13.18788209,5.544710061,0.683003412,7.859137263,1.474764683,-0.040774174,-3.588393066,-14.53474256,-3.000573292,0.151772603,0.898272729,-0.664759585,0.514397181,0.339671249,0,0,,
0,70.4875,78.4125,50.3875,33.3125,35.4437,72.6438,59.7438,6.55625,70.7714,51.1857,33.4214,72.3071,9.61429,4.07163995,2.919375788,14.70760738,4.504549563,0.735385888,8.563759651,1.438331985,-0.026618375,-3.588393066,-14.53474256,-3.000573292,0.151772603,0.898272729,0.90320224,2.467491974,0.711607119,1,0,,
0,70.3143,66.7143,43.9786,28.6571,37.0357,70.0214,48.9286,5.89286,70.7714,51.1857,33.4214,72.3071,9.61429,4.061635225,2.483840103,12.83691355,3.875041719,0.768416704,8.254612782,1.177956045,-0.023925012,-3.588393066,-14.53474256,-3.000573292,0.151772603,0.898272729,-2.576338463,0.076051962,0.070676849,0,1,,
0,76.4706,67.1118,46.7588,33.1765,33.9647,67.3294,53.3294,15.9471,70.7714,51.1857,33.4214,72.3071,9.61429,4.417247738,2.498639426,13.64842613,4.486159507,0.704699596,7.937260978,1.283905305,-0.064745226,-3.588393066,-14.53474256,-3.000573292,0.151772603,0.898272729,-1.099236128,0.333125452,0.249883048,0,1,,
0,71.4286,73.2,39.7143,30.45,20.6,66.4,50.5714,8.52857,70.7714,51.1857,33.4214,72.3071,9.61429,4.12600165,2.7253092,11.59220703,4.11747945,0.4274088,7.8276968,1.217506455,-0.034625994,-3.588393066,-14.53474256,-3.000573292,0.151772603,0.898272729,-4.011846195,0.018099948,0.017778164,0,1,,
1,74.7722,69.4889,53.95,35.8778,44.1333,68.2,55.8556,10.5389,70.7714,51.1857,33.4214,72.3071,9.61429,4.319141361,2.587141236,15.7474655,4.851431994,0.915677708,8.0398934,1.34472357,-0.042787934,-3.588393066,-14.53474256,-3.000573292,0.151772603,0.898272729,1.751857251,5.765300351,0.852186903,1,1,,
1,74.7722,69.4889,53.95,35.8778,44.1333,68.2,55.8556,10.5389,70.7714,51.1857,33.4214,72.3071,9.61429,4.319141361,2.587141236,15.7474655,4.851431994,0.915677708,8.0398934,1.34472357,-0.042787934,-3.588393066,-14.53474256,-3.000573292,0.151772603,0.898272729,1.751857251,5.765300351,0.852186903,1,1,,
0,70.1588,74.8412,48.3471,40.4059,32.8824,66.3882,57.6588,8.81765,70.7714,51.1857,33.4214,72.3071,9.61429,4.052652923,2.786412717,14.11203502,5.463726204,0.682244035,7.826305733,1.38813561,-0.035799659,-3.588393066,-14.53474256,-3.000573292,0.151772603,0.898272729,0.264882999,1.303278483,0.56583626,1,0,,
0,74.4692,63.8923,45.3462,30.3231,26.4923,66.9846,65.5,5.76923,70.7714,51.1857,33.4214,72.3071,9.61429,4.301638869,2.378774221,13.23610232,4.100319905,0.54966224,7.89661354,1.5769125,-0.023423074,-3.588393066,-14.53474256,-3.000573292,0.151772603,0.898272729,-1.994229063,0.136118552,0.119810166,0,1,,
0,75.24,69.78,38.1133,31.3667,37.5533,62.1933,48.58,6.66667,70.7714,51.1857,33.4214,72.3071,9.61429,4.34616336,2.59797918,11.12489114,4.241436541,0.779155868,7.331781557,1.1695635,-0.02706668,-3.588393066,-14.53474256,-3.000573292,0.151772603,0.898272729,-4.44692512,0.011714532,0.011578891,0,1,,
0,70.1125,61.35,39.4313,26.925,35.1063,65.4688,61.1875,6.7375,70.7714,51.1857,33.4214,72.3071,9.61429,4.04997845,2.28412185,11.50960216,3.640825425,0.728385512,7.717920426,1.473089063,-0.02735425,-3.588393066,-14.53474256,-3.000573292,0.151772603,0.898272729,-4.634260951,0.009713283,0.009619843,0,1,,
1,70.675,68.87,53.02,37.91,35.13,70.715,59.665,10.325,70.7714,51.1857,33.4214,72.3071,9.61429,4.0824707,2.56409897,15.4760078,5.12622811,0.72887724,8.336379205,1.436434875,-0.0419195,-3.588393066,-14.53474256,-3.000573292,0.151772603,0.898272729,1.697747817,5.461632931,0.845240358,1,1,,
1,71.825,71.8812,50.6437,31.2938,35.0187,68.5188,72.0687,11.4375,72.925,48.6625,29.5813,67.8938,9.59375,4.1488993,2.676208957,14.78238959,4.23157893,0.726567988,8.077475776,1.735053953,-0.04643625,-3.6975892,-13.81825216,-2.655809114,0.142509086,0.896353656,1.261784512,3.53171826,0.779333149,1,1,,
1,69.8313,70.2937,44.2313,39.0312,27.3813,65.5938,53.6188,6.46875,72.925,48.6625,29.5813,67.8938,9.59375,4.033735213,2.617104745,12.91067416,5.277837895,0.568107212,7.732656301,1.29087261,-0.026263125,-3.6975892,-13.81825216,-2.655809114,0.142509086,0.896353656,-0.665228726,0.514155913,0.339566031,0,0,,
1,69.8313,70.2937,44.2313,39.0312,27.3813,65.5938,53.6188,6.46875,72.925,48.6625,29.5813,67.8938,9.59375,4.033735213,2.617104745,12.91067416,5.277837895,0.568107212,7.732656301,1.29087261,-0.026263125,-3.6975892,-13.81825216,-2.655809114,0.142509086,0.896353656,-0.665228726,0.514155913,0.339566031,0,0,,
1,69.5437,66.6125,45.3812,25.825,37.6375,62.0312,57.6,11.0375,72.925,48.6625,29.5813,67.8938,9.59375,4.017122287,2.480049988,13.24631847,3.492082325,0.78090285,7.312672074,1.38672,-0.04481225,-3.6975892,-13.81825216,-2.655809114,0.142509086,0.896353656,-2.398897992,0.09081798,0.083256769,0,0,,
0,67.0588,72.7294,43.3,33.9647,32.5882,68.2824,62.8118,11.5941,72.925,48.6625,29.5813,67.8938,9.59375,3.873584523,2.707788291,12.638837,4.592740699,0.676139974,8.049607289,1.512194085,-0.047072046,-3.6975892,-13.81825216,-2.655809114,0.142509086,0.896353656,-1.066133919,0.344337183,0.256139001,0,1,,
1,71.6474,69.0737,47.4895,30.9421,38.9053,68.4158,51.9053,8.77895,72.925,48.6625,29.5813,67.8938,9.59375,4.138640414,2.571682925,13.86171016,4.184021704,0.807207164,8.065333415,1.249620098,-0.035642537,-3.6975892,-13.81825216,-2.655809114,0.142509086,0.896353656,-0.227380397,0.796617694,0.443398557,0,0,,
0,70.725,72.675,48.3125,41.1063,37.4938,72.4125,53.9562,8.9875,72.925,48.6625,29.5813,67.8938,9.59375,4.0853589,2.705762925,14.10193563,5.558434992,0.777921362,8.536492388,1.298995515,-0.03648925,-3.6975892,-13.81825216,-2.655809114,0.142509086,0.896353656,1.958458723,7.088393465,0.876366054,1,0,,
1,69.0062,64.5312,46.8875,36.2125,34.3312,68.275,61.0562,11.1562,72.925,48.6625,29.5813,67.8938,9.59375,3.986074137,2.402561107,13.68599238,4.896690463,0.712303738,8.048734925,1.469928015,-0.045294172,-3.6975892,-13.81825216,-2.655809114,0.142509086,0.896353656,0.087036853,1.090936883,0.521745487,1,1,,
0,67.9067,66.8733,42.5467,30.4133,28.7733,70.02,56.08,5.06667,72.925,48.6625,29.5813,67.8938,9.59375,3.922562619,2.489759832,12.41895626,4.112516839,0.596988428,8.25444774,1.350126,-0.02057068,-3.6975892,-13.81825216,-2.655809114,0.142509086,0.896353656,-1.945166692,0.14296339,0.125081338,0,1,,
0,71.9421,77.1105,57.8053,34.1789,28.3158,67.2789,71.0158,7.04737,72.4437,51.0563,38.4875,73.325,8.425,4.155663464,2.870901026,16.87278902,4.621705037,0.587496218,7.931307684,1.709705385,-0.028612322,-3.673185365,-14.497998,-3.45540775,0.153909175,0.787156175,2.09826374,8.152003622,0.890734309,1,0,,
0,65.8824,67.1588,44.7706,29.4824,38.0647,67.0824,59.1941,11.4353,72.4437,51.0563,38.4875,73.325,8.425,3.805630954,2.500389283,13.06809043,3.98663961,0.789766396,7.908142889,1.425097958,-0.046427318,-3.673185365,-14.497998,-3.45540775,0.153909175,0.787156175,-3.185361564,0.041363288,0.039720324,0,1,,
0,71.2684,74.8789,44.5579,34.1632,25.8947,70.3316,46.2895,7.11053,72.4437,51.0563,38.4875,73.325,8.425,4.116747858,2.787816326,13.00600543,4.619582067,0.537263236,8.291181329,1.114419713,-0.028868752,-3.673185365,-14.497998,-3.45540775,0.153909175,0.787156175,-2.178544562,0.113206175,0.101693808,0,1,,
0,71.3667,75.4917,43.4,30.9167,25.8083,69.05,50.0083,6.48333,72.4437,51.0563,38.4875,73.325,8.425,4.122426059,2.810631483,12.668026,4.180587091,0.535470608,8.14009735,1.203949823,-0.02632232,-3.673185365,-14.497998,-3.45540775,0.153909175,0.787156175,-2.987825676,0.050396897,0.047978909,0,1,,
1,71.7714,63.2786,43.6429,35.2,26.3929,70.6786,57.2714,12.1214,72.4437,51.0563,38.4875,73.325,8.425,4.14580315,2.355925557,12.73892608,4.7597792,0.547599889,8.332088118,1.378808955,-0.049212884,-3.673185365,-14.497998,-3.45540775,0.153909175,0.787156175,-2.412973704,0.089548607,0.082188722,0,0,,
0,71.5154,67.3308,42.4692,31.4077,27.8231,65.5308,54.2,10.4462,72.4437,51.0563,38.4875,73.325,8.425,4.131015566,2.506793015,12.39633479,4.246980602,0.577273679,7.72522942,1.304865,-0.042411572,-3.673185365,-14.497998,-3.45540775,0.153909175,0.787156175,-3.776611273,0.022900162,0.022387485,0,1,,
0,67.0579,63.4263,40.0684,30.6947,31.0895,65.3316,48.7316,10.0263,72.4437,51.0563,38.4875,73.325,8.425,3.873532536,2.361424575,11.69556528,4.150568029,0.645044946,7.701746329,1.17321327,-0.040706778,-3.673185365,-14.497998,-3.45540775,0.153909175,0.787156175,-5.062303586,0.006330959,0.00629113,0,1,,
0,73.4765,67.6235,50.0294,32.8235,39.6529,69.2412,59.5353,13.4118,72.4437,51.0563,38.4875,73.325,8.425,4.244296546,2.517690529,14.60308157,4.438426494,0.822718369,8.162637344,1.433312348,-0.054451908,-3.673185365,-14.497998,-3.45540775,0.153909175,0.787156175,-0.454980482,0.634460351,0.388177266,0,1,,
1,73.4765,67.6235,50.0294,32.8235,39.6529,69.2412,59.5353,13.4118,72.4437,51.0563,38.4875,73.325,8.425,4.244296546,2.517690529,14.60308157,4.438426494,0.822718369,8.162637344,1.433312348,-0.054451908,-3.673185365,-14.497998,-3.45540775,0.153909175,0.787156175,-0.454980482,0.634460351,0.388177266,0,0,,
0,70.315,69.07,47.28,33.635,35.8,68.25,58.615,9.07,72.4437,51.0563,38.4875,73.325,8.425,4.06167566,2.57154517,13.8005592,4.548158335,0.7427784,8.04578775,1.411156125,-0.0368242,-3.673185365,-14.497998,-3.45540775,0.153909175,0.787156175,-1.477855329,0.22812642,0.185751578,0,1,,
0,70.1308,72.6923,44.4231,35.6231,32.7769,70.1077,47.7769,6.86154,72.4437,51.0563,38.4875,73.325,8.425,4.051035531,2.706407021,12.96665866,4.816991205,0.680055121,8.26478643,1.150228868,-0.027857852,-3.673185365,-14.497998,-3.45540775,0.153909175,0.787156175,-2.014386786,0.133402182,0.117700658,0,1,,